2 Days in the Valley (1996),6/1/2017
Aeon Flux (2005),6/1/2017
All Over the Guy (2001),6/1/2017
Apocalypse Now (1979),6/1/2017
Apocalypse Now Redux (2001),6/1/2017
Black Rain (1989),6/1/2017
Blow Out (1981),6/1/2017
Blue Velvet (1986),6/1/2017
Bolero (1984),6/1/2017
Bowling for Columbine,6/1/2017
Bruce Lee Superstar,6/1/2017
Bullwhip (1958),6/1/2017
Burnt Offerings (1976),6/1/2017
Chaos (2008),6/1/2017
Chinese Hercules (1974),6/1/2017
City of Gods (Ciudad de Deus),6/1/2017
Commando 2: The Black Money Trail,6/1/2017
De-Lovely (2004),6/1/2017
Desperate Hours (1990),6/1/2017
Dragon Eyes (2012),6/1/2017
Drunken Arts and Crippled Fist (1979),6/1/2017
"Drunken Monkey, Floating Snake (1979)",6/1/2017
El Gringo (2012),6/1/2017
The Fatal Flying Guillotine (1977),6/1/2017
Fighting of Shaolin Monks (1976),6/1/2017
Fire in the Sky (1993),6/1/2017
Fled (1996),6/1/2017
Gone Baby Gone,6/1/2017
Hammett (1982),6/1/2017
The Hanoi Hilton (1987),6/1/2017
Heartbreakers (2001),6/1/2017
Ingenious (2009),6/1/2017
The Invincible Armour (1977),6/1/2017
Invincible Obsessed Fighter (1982),6/1/2017
Lady of Burlesque,6/1/2017
The Lady Says No,6/1/2017
Lady Windermere's Fan,6/1/2017
Little Man Tate (1991),6/1/2017
Madame Behave,6/1/2017
Magnolia,6/1/2017
The Mandarin Mystery,6/1/2017
Marihuana,6/1/2017
The Mechanic (1972),6/1/2017
The Medicine Man,6/1/2017
The Memphis Belle,6/1/2017
Merry-Go-Round,6/1/2017
Million Dollar Kid,6/1/2017
Mind Over Murder,6/1/2017
Miss Polly,6/1/2017
Mission to Glory,6/1/2017
The Monster Walks,6/1/2017
The Most Dangerous Game,6/1/2017
Mr. Mom (1983),6/1/2017
Mrs. Scooter,6/1/2017
Murder at Midnight,6/1/2017
Murder with Music,6/1/2017
Night at the Follies,6/1/2017
Nomads of the North,6/1/2017
The Old Corral,6/1/2017
One Exciting Night,6/1/2017
One from the Heart,6/1/2017
The Out-of-Towners (1999),6/1/2017
Outlaws of Sonora,6/1/2017
Over the Top (1987),6/1/2017
Palooka,6/1/2017
The Patchwork Girl of Oz,6/1/2017
Payoff in the Pacific,6/1/2017
The Philly Kid (2012),6/1/2017
Pinto Rustlers,6/1/2017
The President's Mystery,6/1/2017
Prison Break,6/1/2017
Private Buckaroo,6/1/2017
The Queen,6/1/2017
The Racketeer,6/1/2017
Reaching for the Moon,6/1/2017
The Red Rope,6/1/2017
Regarding Henry (1991),6/1/2017
Revolt of the Zombies,6/1/2017
Rex the Devil Horse,6/1/2017
Riders of Destiny,6/1/2017
Riders of the Whistling Pines,6/1/2017
The Road to Hollywood,6/1/2017
Roarin Lead,6/1/2017
Robin Hood of the Pecos,6/1/2017
Romola,6/1/2017
Rough Book,6/1/2017
"Royal Bed, The",6/1/2017
Saddle Mountain Roundup,6/1/2017
The Savage Wild,6/1/2017
The Scarlet Letter,6/1/2017
Shadows,6/1/2017
Shaolin Drunk Fighter (1983),6/1/2017
Shaolin vs. Lama (1983),6/1/2017
Shivers (1975),6/1/2017
Silver Blaze,6/1/2017
Silver Horde,6/1/2017
Six Gun Trail,6/1/2017
Slightly Honorable,6/1/2017
St. Benny the Dip,6/1/2017
Stash House (2012),6/1/2017
The Strange Woman,6/1/2017
Strategic Air Command (1955),6/1/2017
Submarine Warfare,6/1/2017
Svengali,6/1/2017
"Swing High, Swing Low",6/1/2017
Target for Tonight,6/1/2017
Tarzan and the Green Goddess,6/1/2017
Tarzan of the Apes,6/1/2017
The Salesman * (Amazon Original),6/1/2017
The Tank,6/1/2017
The Thief of Bagdad,6/1/2017
Those We Love,6/1/2017
Tomake Chai,6/1/2017
Tormented,6/1/2017
Tracker (2011),6/1/2017
Transit (2012),6/1/2017
True Heart Susie,6/1/2017
Tumbleweeds,6/1/2017
Wanderers of the West,6/1/2017
War Comes to America,6/1/2017
Way of the West,6/1/2017
West of Nevada,6/1/2017
White Orchid,6/1/2017
Winterset,6/1/2017
Within Our Gates,6/1/2017
The Woman in Green,6/1/2017
The Woman of the Town,6/1/2017
World Trade Center (2006),6/1/2017
Yellowstone,6/1/2017
Zis Boom Bah,6/1/2017
Dead Ahead,6/2/2017
Noor,6/2/2017
So Far,6/2/2017
The Closing of Winterland,6/2/2017
The Grateful Dead Movie,6/2/2017
Truckin' Up to Buffalo,6/2/2017
Urge (2016),6/4/2017
20th Century Women,6/5/2017
Arbitrage (2012),6/5/2017
Ocean's Eleven (2001),6/5/2017
Ocean's Twelve,6/5/2017
Aftershock,6/7/2017
Brand New Testament,6/7/2017
Art of the Steal,6/8/2017
I Am Not Your Negro,6/8/2017
Girl Most Likely (2013),6/9/2017
Transpecos (2016),6/11/2017
Star Trek Beyond (2016),6/17/2017
Paterson * (Amazon Original),6/22/2017
David Lynch: The Art Life,6/29/2017
